wavelength_nm,eta_3xFWHM,focus_y_um,fwhm_um,retention_vs_1550
1400,0.4514,27.188,1.264,0.7069860685842267
1410,0.4551,26.662,1.263,0.7127810363595073
1420,0.4912,26.503,1.313,0.7693211273561635
1430,0.5173,26.647,1.329,0.8101991432844938
1440,0.5293,26.569,1.326,0.8289936333664848
1450,0.5369,26.461,1.329,0.8408968104184125
1500,0.5235,25.821,1.367,0.8199096298268558
1550,0.638485,25.552,1.365,1.0
1600,0.7155,25.313,1.41,1.1206214711387112
1650,0.7373,25.174,1.41,1.1547647947876614
1700,0.6562,24.661,1.366,1.0277453659835392
1750,0.5839,23.994,1.384,0.9145085632395437
1800,0.5441,23.338,1.406,0.852173504467607
1850,0.5893,23.342,1.461,0.9229660837764396
1900,0.6454,23.005,1.459,1.0108303249097472
1950,0.655,22.772,1.506,1.0258659169753401
2000,0.7026,22.402,1.485,1.1004173943005708
2050,0.7065,22.023,1.476,1.106525603577218
2100,0.6819,21.633,1.502,1.0679968989091364
2150,0.6582,21.452,1.536,1.0308777809972043
2200,0.6253,21.132,1.539,0.9793495540224124
2250,0.577,20.975,1.569,0.9037017314423987
2300,0.5771,20.583,1.564,0.903858352193082
2350,0.53515,20.307,1.59,0.8381559472814554
2360,0.52808,20.272,1.599,0.827082860208149
2370,0.52128,20.226,1.606,0.8164326491616875
2380,0.51623,20.163,1.612,0.8085233012521829
2390,0.51099,20.081,1.603,0.8003163739163803
2400,0.50698,20.034,1.609,0.7940358818139815
2410,0.50544,19.996,1.617,0.7916239222534593
2420,0.50562,19.956,1.625,0.7919058396046892
2430,0.50854,19.91,1.631,0.7964791655246404
2440,0.51347,19.855,1.636,0.804200568533325
2450,0.51595,19.84,1.626,0.8080847631502699
2500,0.5215,19.635,1.608,0.8167772148131905
